{
    "nose": [
        0.05204601585865021,
        -0.6008359789848328,
        -0.13942071795463562
    ],
    "left_eye_inner": [
        0.053552914410829544,
        -0.6381416320800781,
        -0.12205026298761368
    ],
    "left_eye": [
        0.05356282368302345,
        -0.639367401599884,
        -0.12207458168268204
    ],
    "left_eye_outer": [
        0.05296754464507103,
        -0.6400635242462158,
        -0.12244053930044174
    ],
    "right_eye_inner": [
        0.024638822302222252,
        -0.6375444531440735,
        -0.12902161478996277
    ],
    "right_eye": [
        0.025483859702944756,
        -0.6377790570259094,
        -0.1310070902109146
    ],
    "right_eye_outer": [
        0.02530183084309101,
        -0.638922929763794,
        -0.13049274682998657
    ],
    "left_ear": [
        0.07851669192314148,
        -0.6334154605865479,
        -0.027882879599928856
    ],
    "right_ear": [
        -0.045611146837472916,
        -0.6238135099411011,
        -0.053018826991319656
    ],
    "mouth_left": [
        0.0629485696554184,
        -0.5796727538108826,
        -0.09931646287441254
    ],
    "mouth_right": [
        0.026758641004562378,
        -0.5755470991134644,
        -0.10485868155956268
    ],
    "left_shoulder": [
        0.17270399630069733,
        -0.46187517046928406,
        0.06367982178926468
    ],
    "right_shoulder": [
        -0.13532434403896332,
        -0.43708211183547974,
        0.02867610566318035
    ],
    "left_elbow": [
        0.24103572964668274,
        -0.2412244975566864,
        -0.032016608864068985
    ],
    "right_elbow": [
        -0.2368287891149521,
        -0.24014092981815338,
        -0.058174677193164825
    ],
    "left_wrist": [
        0.29385244846343994,
        -0.27458566427230835,
        -0.2305803894996643
    ],
    "right_wrist": [
        -0.2461838722229004,
        -0.2809958755970001,
        -0.2935682535171509
    ],
    "left_pinky": [
        0.29005002975463867,
        -0.24215485155582428,
        -0.26130378246307373
    ],
    "right_pinky": [
        -0.24079884588718414,
        -0.25288665294647217,
        -0.3103279173374176
    ],
    "left_index": [
        0.29139477014541626,
        -0.2653157413005829,
        -0.2684631943702698
    ],
    "right_index": [
        -0.23075751960277557,
        -0.28996336460113525,
        -0.31527361273765564
    ],
    "left_thumb": [
        0.2894965410232544,
        -0.27522873878479004,
        -0.2257579118013382
    ],
    "right_thumb": [
        -0.2335198074579239,
        -0.28568506240844727,
        -0.29449212551116943
    ],
    "left_hip": [
        0.10768862068653107,
        0.000897170219104737,
        0.01353625487536192
    ],
    "right_hip": [
        -0.10825957357883453,
        -0.0008099327678792179,
        -0.013516614213585854
    ],
    "left_knee": [
        0.06481721252202988,
        0.30898693203926086,
        -0.009857012890279293
    ],
    "right_knee": [
        -0.14146462082862854,
        0.33763986825942993,
        -0.04324537143111229
    ]
}